total,train,val,test,val_loss,test_loss,mean_px_err,median_px_err,epochs,time_min
1374,1030,344,344,0.00022129456344775335,0.0002222446292275996,8.268659710497333,6.461155336540802,112,9.074735927581788
1000,750,250,344,0.00022208277914614882,0.00022337924578053834,8.43129976523738,6.518783524281927,112,6.6828207731246945
700,525,175,344,0.00022310299523682758,0.0002271241919938908,9.994558440323393,6.724125100370781,133,5.657074312369029
500,375,125,344,0.00022580700988328317,0.00023012088887869965,12.722392449902143,7.056102854801891,166,4.982795357704163
300,225,75,344,0.0002313697725185193,0.00023100779427020528,19.8621509529867,7.5212298306443195,180,3.2646311362584433
200,150,50,344,0.0002324331851143922,0.00023728372904114684,45.28450156529784,10.106265554486459,230,2.805562198162079
100,75,25,344,0.0002361205406486988,0.0002387216305197758,41.51102123010151,11.490431559441737,300,1.9071467081705729
50,37,13,344,0.00024442643916700035,0.00024646597029099807,120.14380057949656,151.22144715779095,300,0.9589413682619731
