total,train,val,test,val_loss,test_loss,mean_px_err,median_px_err,epochs,time_min
1374,1030,344,344,0.00021924891848885996,0.00022216188297661152,7.9226271010020595,6.259912982445899,129,14.51179007689158
1000,750,250,344,0.00022398769806386554,0.00022603486269322592,9.509000210858067,6.471485823056041,130,10.717461097240449
700,525,175,344,0.0002262132944782603,0.00023189840193967834,9.086976196251788,6.593871838627975,151,8.651492790381115
500,375,125,344,0.00023118863919080468,0.00023398193230224384,21.16249096428865,6.916284628806161,161,6.56716898282369
300,225,75,344,0.00023675032862229272,0.00023907842385301062,14.930034265543755,7.695867093932289,252,6.248100292682648
200,150,50,344,0.00024210067515793656,0.000247261302848888,35.82644098779197,9.727361962533848,298,4.922396051883697
100,75,25,344,0.0002733157525653951,0.00027246631446381124,105.05959257686021,149.49234947228433,300,2.558961268266042
50,37,13,344,0.0004309974465286359,0.0004287765058147353,159.61090520913083,159.65697317296568,300,1.3045836885770161
